score,n,rho,p_value,auroc_high_disagreement,malignancy_auroc,high_disagreement_cutoff,high_disagreement_rate,top5_high_rate,top5_enrichment,top10_high_rate,top10_enrichment,top20_high_rate,top20_enrichment
predictive_entropy,178,-0.09829707701473642,0.19176664397265036,0.43094447081158044,0.7694359756097561,0.75,0.2752808988764045,0.4444444444444444,1.6145124716553287,0.3333333333333333,1.2108843537414966,0.2777777777777778,1.0090702947845804
margin_uncertainty,178,-0.09829707701473642,0.19176664397265036,0.43094447081158044,0.7694359756097561,0.75,0.2752808988764045,0.4444444444444444,1.6145124716553287,0.3333333333333333,1.2108843537414966,0.2777777777777778,1.0090702947845804
mc_entropy,178,-0.07256092404879193,0.3357821593338951,0.43917101724410695,0.7694359756097561,0.75,0.2752808988764045,0.4444444444444444,1.6145124716553287,0.4444444444444444,1.6145124716553287,0.2777777777777778,1.0090702947845804
mc_variance,178,-0.023019017162826352,0.7603747372338301,0.44549912988451196,0.7694359756097561,0.75,0.2752808988764045,0.1111111111111111,0.4036281179138322,0.16666666666666666,0.6054421768707483,0.2222222222222222,0.8072562358276644
ensemble_entropy,178,-0.029317198614156565,0.6976696923421094,0.4636924537256763,0.7694359756097561,0.75,0.2752808988764045,0.4444444444444444,1.6145124716553287,0.2777777777777778,1.0090702947845804,0.25,0.9081632653061225
ensemble_variance,178,0.049109951963418594,0.5150559629125959,0.5037177661762379,0.7694359756097561,0.75,0.2752808988764045,0.2222222222222222,0.8072562358276644,0.2222222222222222,0.8072562358276644,0.3333333333333333,1.2108843537414966
